CorNNType,RMSE,Mean,Median,Std,Min,Max,SSE
BruteForceCrossCheck,0.36849520139658454,0.27946713494950104,0.2542393191016421,0.2401808359037556,0.03038415616126309,2.1931369711288164,495.3572266740248
GMS,0.6107829868048579,0.5279979645703791,0.5342581251459394,0.3070407243018423,0.05986598745290121,2.193150267303678,1350.835258089323
kNNBruteForceGPU,0.3545723413588042,0.242602080557777,0.18339057774842393,0.2585841753969146,0.03878632730386216,2.19304189917637,458.63219709631176
kNNBruteForce,0.56375689590853,0.48033183833376863,0.5074107717052326,0.295132449532957,0.10333801815576955,2.1930649590017297,1149.561586904551
kNNFlannKdTree,0.7136126467037244,0.6291319453547884,0.6348988730635639,0.3368026200456194,0.14392291801029736,2.193208564328111,1846.5151525757033
kNNFlannLSH,0.3938136148629066,0.2976129528652041,0.234150810015623,0.2579063658350517,0.008617588038836973,2.1572022027939877,565.9203567043212
kNNFlannNaive,0.2867485412792528,0.07346143655482672,0.007296265418453737,0.2771789011903332,3.1520915275298023e-06,2.195060565712629,306.1226546216765
SuperGlue,0.5420572294086823,0.47681751495599106,0.4580735871214749,0.25781989330811944,0.12730742456604516,2.1929656916519495,1061.5934823545854
