OptimiseMaxError,RMSE,Mean,Median,Std,Min,Max,SSE
0.0,0.2752027315846985,0.07499347491890802,0.010477335095308269,0.26478769267333163,5.448143720484941e-06,2.192847382107731,237.35832724024388
0.5,0.3434929953675887,0.2189997432995564,0.17076265947394684,0.2646253017028544,0.014739649163221803,2.193535765203939,364.3452081320556
1.0,0.4993622873339747,0.42895266472422877,0.47596957701432024,0.2556605277265195,0.03538680564565925,1.8326057561042117,767.7877348611594
1.5,0.6037838414007285,0.523781614164837,0.540906216237119,0.30034604675190557,0.04859929731641469,1.9107211680235885,1069.2396012917065
2.0,0.8675336597299916,0.7493561554933614,0.7163758338868049,0.43712698725738947,0.050184664049936496,1.8951623577889212,2223.223678358371
