OptimiseMaxError,RMSE,Mean,Median,Std,Min,Max,SSE
0.0,0.025236899730717726,0.018841563289826772,0.015031312387256877,0.016789776675517534,2.533089541317911e-05,0.20212420054000854,1.9954111714213352
0.5,0.026117298612248707,0.01995110768308877,0.016265420965372434,0.01685427509622305,0.0001385402396276252,0.2018547668619677,2.1056837163558235
1.0,0.026268183789555664,0.020407850163357995,0.016920883358040283,0.016538957987485312,0.0006561217877565486,0.22071491888467876,2.1238738022145713
1.5,0.027246812998432998,0.02163712076899021,0.018420464740038844,0.016559704810162224,0.0010218280543880674,0.21881292165324967,2.176684016051865
2.0,0.02792181133418357,0.022366476037915445,0.01965982339669289,0.016714314159638626,0.001327484804858997,0.31492936407825306,2.302240149780684
