CorNNType,RMSE,Mean,Median,Std,Min,Max,SSE
BruteForceCrossCheck,0.023805876460536418,0.017255725260033196,0.014023322050500654,0.016399990847697873,0.0006321310862207258,0.27711533618385054,2.066826943036112
GMS,0.023606527773337948,0.017380482854780156,0.014273095506952717,0.015974572584206096,0.00023167539168450453,0.26627671981276557,2.0173107157184207
kNNBruteForceGPU,0.023440439377652597,0.016914968177782548,0.013549820268229294,0.016227693913862504,0.00014239276189820886,0.2819185752461201,2.0038594608988816
kNNBruteForce,0.023623442626461776,0.017336009512766714,0.014277119828282022,0.016047735531812372,0.00015334649791028072,0.26627402801031,2.017970422157044
kNNFlannKdTree,0.023590416395411554,0.017724028647869445,0.015402273712239841,0.015568126226312711,4.0085024392633977e-05,0.2668634331474776,2.017340578194771
kNNFlannLSH,0.023591411871950636,0.01702387421803611,0.013500265679520413,0.016332250938572393,0.0005321185136914196,0.27829033763239963,2.030311597080625
kNNFlannNaive,0.024583304152600707,0.016021614559937235,0.012320844833167628,0.018645286534459113,4.7466795962164326e-05,0.5638840131212027,2.249349173866622
SuperGlue,0.023886338895463797,0.01732534954406893,0.014127739657561221,0.01644352301074126,3.0093999552797002e-05,0.2658654822299208,2.0608525552141557
